Time,Latitude,Longitude,DL EARFCN,Operator,Serving Cell RSRP (dBm),Serving Cell RSRQ (dB),Serving RSSI (dBm)
10/6/2025 11:43:57.000,33.293133,44.439312,,Asia Cell,-79.1,-9.6,-49.5
10/6/2025 11:43:59.000,33.29314875,44.439319,,Asia Cell,-79.4,-9.9,-49.5
10/6/2025 12:31:27.000,33.294111,44.452733,,Asia Cell,-77.5,-15.1,
10/6/2025 12:31:29.000,33.294111,44.452733,,Asia Cell,-77.4,-15.1,-42.1
10/6/2025 12:31:31.000,33.294111,44.452733,,Asia Cell,-76.3,-15.1,-40.3
10/6/2025 12:51:03.000,33.334036,44.419709,,Asia Cell,-72.1,-14.5,-37.9
10/6/2025 12:51:05.000,33.334036,44.419709,,Asia Cell,-69.2,-14.8,-34.8
10/6/2025 13:06:07.000,33.3057548333333,44.4640268333333,,Asia Cell,-72.7,-10.0,-44.1
10/6/2025 13:06:09.000,33.3057548333333,44.4640268333333,,Asia Cell,-79.7,-12.8,-46.6
10/6/2025 13:06:11.000,33.3057548333333,44.4640268333333,,Asia Cell,-83.6,-12.6,-52.0
10/6/2025 13:18:33.000,33.2923606666667,44.4449223333333,,,-83.0,-16.3,-46.6
10/6/2025 13:18:35.000,33.2923700289001,44.444899464927,,Asia Cell,-83.8,-18.5,-45.1
10/6/2025 13:18:37.000,33.2923987298246,44.4448127324562,,Asia Cell,-80.6,-9.9,-49.8
10/6/2025 13:18:39.000,33.2924290657277,44.4447241277666,,Asia Cell,-78.5,-10.2,-48.2
10/6/2025 13:18:41.000,33.2924487511939,44.4446542311366,,Asia Cell,-79.2,-11.1,-48.1
10/6/2025 13:18:43.000,33.2924617385204,44.444596690051,,Asia Cell,-80.0,-10.5,-49.5
10/6/2025 13:18:45.000,33.2924799583334,44.4445256527778,,Asia Cell,-81.6,-11.5,-50.1
10/6/2025 13:18:47.000,33.2924998333333,44.4444387833333,,Asia Cell,-80.9,-10.0,-50.5
10/6/2025 13:18:49.000,33.2925300736041,44.4443217749577,,Asia Cell,-83.4,-11.8,-51.3
10/6/2025 13:18:51.000,33.2925497558315,44.4441843713318,,Asia Cell,-82.9,-11.4,-50.8
10/6/2025 13:18:53.000,33.2925675743021,44.4440382889983,,Asia Cell,-82.1,-11.1,-50.7
10/6/2025 13:18:55.000,33.2925949567152,44.4438946209547,,Asia Cell,-81.0,-10.2,-49.6
10/6/2025 13:18:57.000,33.2926340400844,44.4437541113924,,Asia Cell,-82.7,-11.9,-49.6
10/6/2025 13:18:59.000,33.2926573046252,44.4436221770335,,Asia Cell,-84.3,-12.8,-51.2
10/6/2025 13:19:01.000,33.2926744426666,44.443492292,,Asia Cell,-83.8,-11.5,-52.2
10/6/2025 13:19:03.000,33.2926917887651,44.4433973853296,,Asia Cell,-82.5,-10.3,-52.1
10/6/2025 13:19:05.000,33.29270592,44.4433268233333,,Asia Cell,-82.3,-10.8,-52.6
10/6/2025 13:19:07.000,33.2927133205912,44.4432811906218,,Asia Cell,-83.8,-10.3,-53.5
10/6/2025 13:19:09.000,33.2927228119266,44.4432358654434,,Asia Cell,-83.2,-9.8,-53.2
10/6/2025 13:19:11.000,33.2927325522089,44.4431865803213,,Asia Cell,-85.9,-10.0,-51.7
10/6/2025 13:19:13.000,33.2927455136251,44.4431420039912,,Asia Cell,-83.4,-9.6,-49.9
10/6/2025 13:19:15.000,33.2927527596099,44.4431051919105,,Asia Cell,-81.2,-9.8,-50.9
10/6/2025 13:19:17.000,33.2927593673966,44.4430508055555,,Asia Cell,-81.6,-10.8,-49.7
10/6/2025 13:19:19.000,33.292766640056,44.4429899078431,,Asia Cell,-81.4,-9.9,-49.8
10/6/2025 13:19:21.000,33.2927755,44.4429115583333,,Asia Cell,-82.9,-11.8,-49.3
10/6/2025 13:19:23.000,33.2927789575083,44.4428386707921,,Asia Cell,-84.7,-11.7,-51.6
10/6/2025 13:19:25.000,33.2927770677931,44.4427721627034,,Asia Cell,-84.8,-10.4,-52.0
10/6/2025 13:19:27.000,33.2927805962997,44.4427175147103,,Asia Cell,-83.2,-10.9,-50.7
10/6/2025 13:19:29.000,33.292787595043,44.4426826830498,,Asia Cell,-78.3,-9.6,-48.2
10/6/2025 13:19:31.000,33.2927931854247,44.4426600635377,,Asia Cell,-78.1,-9.8,-49.0
10/6/2025 13:19:33.000,33.2927989235728,44.4426383360958,,Asia Cell,-76.4,-9.5,-46.9
10/6/2025 13:19:35.000,33.2928021437112,44.442608376614,,Asia Cell,-78.6,-9.8,-48.8
10/6/2025 13:19:37.000,33.2928081973649,44.4425746589242,,Asia Cell,-79.5,-10.8,-49.0
10/6/2025 13:19:39.000,33.2928119603334,44.442547661,,Asia Cell,-79.2,-10.8,-48.8
10/6/2025 13:19:41.000,33.292812505036,44.4425186647482,,Asia Cell,-79.3,-9.6,-49.6
10/6/2025 13:19:45.000,33.2928218991597,44.4424133070028,,Asia Cell,-77.6,-8.7,-48.8
10/6/2025 13:19:47.000,33.292836810215,44.4423399284946,,Asia Cell,-78.0,-10.9,-45.7
10/6/2025 13:19:49.000,33.2928729381271,44.4422657658863,,Asia Cell,-78.9,-11.7,-47.2
10/6/2025 13:19:51.000,33.2928826797066,44.44219549837,,Asia Cell,-82.5,-11.9,-50.1
10/6/2025 13:19:53.000,33.2928929047173,44.4421627998753,,Asia Cell,-85.5,-11.6,-51.3
10/6/2025 13:19:55.000,33.292917754679,44.4421491166785,,Asia Cell,-91.9,-15.2,-56.3
10/6/2025 13:19:57.000,33.2929614426263,44.4421396436363,,Asia Cell,-93.9,-16.5,-57.2
10/6/2025 13:19:59.000,33.2930131065665,44.4421240217029,,Asia Cell,-93.4,-12.4,-56.4
10/6/2025 13:20:01.000,33.2930760230466,44.4421133642496,,Asia Cell,-89.4,-13.0,-55.4
10/6/2025 13:20:03.000,33.2931548586711,44.442102901464,,Asia Cell,-90.8,-14.3,-55.1
10/6/2025 13:20:05.000,33.2932371895973,44.4420798968121,,Asia Cell,-88.9,-13.4,-55.6
10/6/2025 13:20:07.000,33.2933280291899,44.4420571431081,,Asia Cell,-89.9,-13.5,-57.3
10/6/2025 13:20:09.000,33.2934109382716,44.4420290773663,,Asia Cell,-87.6,-15.0,-52.0
10/6/2025 13:20:11.000,33.2935028886159,44.441996473792,,Asia Cell,-87.1,-13.7,-52.2
10/6/2025 13:20:13.000,33.2935743115703,44.4419680699725,,Asia Cell,-88.5,-14.0,-54.7
10/6/2025 13:20:15.000,33.2936250286491,44.4419431505646,,Asia Cell,-80.8,-10.3,-45.5
10/6/2025 13:20:17.000,33.2936438373333,44.44191656275,,Asia Cell,-79.2,-10.9,-49.6
10/6/2025 13:20:19.000,33.293635961794,44.441899042428,,Asia Cell,-76.0,-9.6,-44.2
10/6/2025 13:20:21.000,33.2936211283231,44.4418907177914,,Asia Cell,-78.7,-10.4,-45.7
10/6/2025 13:20:23.000,33.2936022707171,44.4418765444306,,Asia Cell,-80.5,-11.9,-47.0
10/6/2025 13:20:25.000,33.2935824420182,44.4418690866005,,Asia Cell,-83.1,-11.5,-51.5
10/6/2025 13:20:27.000,33.2935585196785,44.4418652481598,,Asia Cell,-85.8,-12.7,-51.9
10/6/2025 13:20:29.000,33.2935419957188,44.4418578874869,,Asia Cell,-82.9,-13.2,-52.5
10/6/2025 13:20:31.000,33.2935341543448,44.4418520640483,,Asia Cell,-86.0,-17.0,-49.0
10/6/2025 13:20:33.000,33.293517995558,44.4418497938183,,Asia Cell,-80.5,-11.9,-49.5
10/6/2025 13:20:35.000,33.2935068436676,44.441850242336,,Asia Cell,-83.2,-12.1,-52.1
10/6/2025 13:20:37.000,33.2935049016507,44.4418449711471,,Asia Cell,-78.9,-11.4,-47.4
10/6/2025 13:20:39.000,33.2935089750016,44.4418453850266,,Asia Cell,-81.8,-12.9,-47.5
10/6/2025 13:20:41.000,33.2935133921324,44.441852042731,,Asia Cell,-86.7,-12.2,-50.8
10/6/2025 13:20:43.000,33.2935178092632,44.4418587004353,,Asia Cell,-83.6,-11.2,-53.6
10/6/2025 13:20:45.000,33.2935215814383,44.441864343999,,Asia Cell,-80.5,-11.2,-51.3
10/6/2025 13:20:47.000,33.2935248856171,44.4418692516764,,Asia Cell,-79.9,-11.9,-47.2
10/6/2025 13:20:49.000,33.2935281897959,44.4418741593537,,Asia Cell,-78.4,-11.3,-47.4
10/6/2025 13:20:51.000,33.2935312909752,44.4418777360684,,Asia Cell,-79.7,-11.2,-48.1
10/6/2025 13:20:53.000,33.2935332372977,44.4418737409854,,Asia Cell,-81.0,-12.3,-48.5
10/6/2025 13:20:55.000,33.2935287941672,44.441862748925,,Asia Cell,-82.9,-11.5,-52.7
10/6/2025 13:20:57.000,33.2935088850598,44.4418377149592,,Asia Cell,-85.9,-10.6,-55.6
10/6/2025 13:20:59.000,33.2935103022238,44.4418344718338,,Asia Cell,-81.5,-11.9,-49.2
10/6/2025 13:21:01.000,33.2935117193879,44.4418312287085,,Asia Cell,-80.9,-11.4,-48.2
10/6/2025 13:21:03.000,33.2935131365519,44.4418279855831,,Asia Cell,-80.8,-10.9,-49.5
10/6/2025 13:21:05.000,33.293514553716,44.4418247424577,,Asia Cell,-81.9,-10.9,-50.6
10/6/2025 13:21:07.000,33.29351597088,44.4418214993323,,Asia Cell,-80.4,-10.0,-50.3
10/6/2025 13:21:09.000,33.293517388044,44.4418182562069,,Asia Cell,-76.8,-11.0,-46.7
10/6/2025 13:21:11.000,33.2935110986861,44.4418094064553,,Asia Cell,-75.3,-15.4,-39.6
10/6/2025 13:21:15.000,33.2934980718205,44.441796173984,,Asia Cell,-76.2,-13.6,-41.7
10/6/2025 13:21:17.000,33.2934918680506,44.4417914813887,,Asia Cell,-72.5,-14.4,-41.2
10/6/2025 13:21:19.000,33.2934856642806,44.4417867887935,,Asia Cell,-73.0,-14.5,-38.6
10/6/2025 13:21:21.000,33.2934794605106,44.4417820961982,,Asia Cell,-71.8,-14.1,-35.8
10/6/2025 13:21:23.000,33.2934684384542,44.4417639591285,,Asia Cell,-76.3,-15.1,-40.4
10/6/2025 13:21:25.000,33.293465019243,44.4417524292303,,Asia Cell,-76.2,-14.7,-40.5
10/6/2025 13:21:27.000,33.2934616000318,44.4417408993321,,Asia Cell,-73.8,-14.0,-38.3
10/6/2025 13:21:29.000,33.293470677581,44.4417448261499,,Asia Cell,-76.2,-15.2,-40.9
10/6/2025 13:21:31.000,33.2934836221904,44.4417581096365,,Asia Cell,-75.1,-16.1,-38.1
10/6/2025 13:21:33.000,33.2934870792284,44.4417652103858,,Asia Cell,-80.1,-14.4,-47.4
10/6/2025 13:21:35.000,33.2934855865197,44.4417659567401,,Asia Cell,-76.7,-14.8,-42.3
10/6/2025 13:21:37.000,33.293484093811,44.4417667030945,,Asia Cell,-75.8,-13.6,-38.1
10/6/2025 13:21:39.000,33.2934998485804,44.4418069216614,,Asia Cell,-75.3,-14.4,-41.2
10/6/2025 13:21:41.000,33.293510875316,44.441818659805,,Asia Cell,-77.4,-15.2,-40.6
10/6/2025 13:21:43.000,33.2935206930992,44.4418165246729,,Asia Cell,-78.1,-13.9,-45.9
10/6/2025 13:21:45.000,33.2935253599189,44.4418083386122,,Asia Cell,-74.4,-14.2,-39.5
10/6/2025 13:21:47.000,33.2935255603157,44.4418027777169,,Asia Cell,-74.2,-14.4,-36.9
10/6/2025 13:21:49.000,33.293520724108,44.4418001771147,,Asia Cell,-76.1,-16.2,-37.7
10/6/2025 13:21:51.000,33.2935158879004,44.4417975765125,,Asia Cell,-73.8,-13.6,-41.5
10/6/2025 13:21:53.000,33.2935110516927,44.4417949759102,,Asia Cell,-76.2,-11.8,-40.5
10/6/2025 13:21:55.000,33.2935124587936,44.4417854031212,,Asia Cell,-79.2,-11.4,-47.6
10/6/2025 13:21:57.000,33.2935152643346,44.4417742686305,,Asia Cell,-80.2,-11.5,-48.4
10/6/2025 13:21:59.000,33.293521257502,44.4417733333333,,Asia Cell,-80.2,-12.2,-47.7
10/6/2025 13:22:01.000,33.2935284131846,44.4417729847047,,Asia Cell,-81.3,-11.5,-49.3
10/6/2025 13:22:03.000,33.2935378979321,44.4417717029821,,Asia Cell,-81.9,-12.1,-48.9
10/6/2025 13:22:05.000,33.2935470242336,44.4417682363017,,Asia Cell,-79.6,-11.2,-48.3
10/6/2025 13:22:07.000,33.2935553940633,44.4417601584428,,Asia Cell,-80.5,-11.7,-48.2
10/6/2025 13:22:09.000,33.2935589437368,44.4417449936306,,Asia Cell,-79.8,-10.5,-48.8
10/6/2025 13:22:11.000,33.2935617388813,44.441728084365,,Asia Cell,-80.9,-11.7,-48.0
10/6/2025 13:22:13.000,33.2935666765517,44.4417142363219,,Asia Cell,-78.7,-10.5,-47.7
10/6/2025 13:22:15.000,33.2935698292611,44.4417065515928,,Asia Cell,-78.0,-10.9,-46.7
10/6/2025 13:22:17.000,33.2935729819704,44.4416988668637,,Asia Cell,-79.2,-11.2,-47.8
10/6/2025 13:22:19.000,33.2935729992509,44.4416937012293,,Asia Cell,-78.5,-11.9,-47.4
10/6/2025 13:22:21.000,33.2935701048456,44.4416908749277,,Asia Cell,-78.0,-11.0,-47.4
10/6/2025 13:22:23.000,33.2935672104403,44.441688048626,,Asia Cell,-77.5,-10.4,-47.6
10/6/2025 13:22:25.000,33.293564316035,44.4416852223244,,Asia Cell,-80.5,-13.1,-46.8
10/6/2025 13:22:27.000,33.2935614216297,44.4416823960227,,Asia Cell,-82.9,-13.1,-49.5
10/6/2025 13:22:29.000,33.2935566115237,44.4416800693225,,Asia Cell,-79.8,-12.1,-47.1
10/6/2025 13:22:31.000,33.2935506470853,44.4416780436642,,Asia Cell,-78.0,-10.7,-47.1
10/6/2025 13:22:33.000,33.2935446826469,44.4416760180058,,Asia Cell,-77.1,-11.2,-45.0
10/6/2025 13:22:35.000,33.2935442720459,44.4416773139959,,Asia Cell,-76.6,-11.9,-46.0
10/6/2025 13:22:37.000,33.29354669709,44.4416803059335,,Asia Cell,-75.2,-11.0,-44.4
10/6/2025 13:22:39.000,33.2935491221341,44.441683297871,,Asia Cell,-74.6,-13.5,-41.1
10/6/2025 13:22:41.000,33.2935515471781,44.4416862898085,,Asia Cell,-75.2,-13.5,-41.6
10/6/2025 13:22:43.000,33.2935539722222,44.4416892817461,,Asia Cell,-75.6,-14.4,-41.0
10/6/2025 13:22:45.000,33.2935551556908,44.4416900984252,,Asia Cell,-75.8,-13.9,-41.5
10/6/2025 13:22:47.000,33.2935542251253,44.4416872112861,,Asia Cell,-73.2,-13.7,-39.7
10/6/2025 13:22:49.000,33.2935532945598,44.441684324147,,Asia Cell,-73.7,-13.2,-41.1
10/6/2025 13:22:51.000,33.2935523639943,44.4416814370079,,Asia Cell,-75.2,-14.1,-38.9
10/6/2025 13:22:53.000,33.2935514334288,44.4416785498688,,Asia Cell,-76.4,-12.6,-41.5
10/6/2025 13:22:55.000,33.2935505028633,44.4416756627297,,Asia Cell,-75.5,-13.1,-44.1
10/6/2025 13:22:57.000,33.2935495722978,44.4416727755906,,Asia Cell,-75.6,-14.0,-42.3
10/6/2025 13:22:59.000,33.2935477752783,44.4416712405703,,Asia Cell,-75.8,-14.3,-40.6
10/6/2025 13:23:01.000,33.2935445941831,44.4416718654283,,Asia Cell,-75.0,-14.1,-40.2
10/6/2025 13:23:03.000,33.2935414130879,44.4416724902863,,Asia Cell,-76.3,-13.4,-42.7
10/6/2025 13:23:05.000,33.2935382319927,44.4416731151443,,Asia Cell,-76.5,-12.0,-43.9
10/6/2025 13:23:07.000,33.2935350508975,44.4416737400023,,Asia Cell,-78.7,-13.7,-46.8
10/6/2025 13:23:09.000,33.2935318698023,44.4416743648603,,Asia Cell,-84.9,-15.4,-49.6
10/6/2025 13:23:11.000,33.2935282401336,44.4416756218161,,Asia Cell,-76.5,-14.1,-40.9
10/6/2025 13:23:13.000,33.2935241913915,44.4416774693003,,Asia Cell,-76.4,-13.4,-43.3
10/6/2025 13:23:15.000,33.2935201426494,44.4416793167846,,Asia Cell,-74.8,-14.7,-42.0
10/6/2025 13:23:17.000,33.2935160939073,44.4416811642689,,Asia Cell,-75.5,-15.3,-40.8
10/6/2025 13:23:19.000,33.2935119589607,44.4416836655767,,Asia Cell,-75.0,-13.3,-41.8
10/6/2025 13:23:21.000,33.2935075990114,44.4416878734347,,Asia Cell,-75.1,-12.8,-42.5
10/6/2025 13:23:23.000,33.2935032390621,44.4416920812928,,Asia Cell,-74.1,-12.2,-41.2
10/6/2025 13:23:25.000,33.2934988791128,44.4416962891508,,Asia Cell,-74.9,-13.1,-42.2
10/6/2025 13:23:27.000,33.2935017724422,44.441710920022,,Asia Cell,-75.4,-13.2,-42.1
10/6/2025 13:23:29.000,33.2935043572098,44.4417214489399,,Asia Cell,-74.8,-12.6,-42.2
10/6/2025 13:23:31.000,33.2935065150108,44.4417273125293,,Asia Cell,-76.7,-11.7,-43.7
10/6/2025 13:23:33.000,33.2935086728117,44.4417331761188,,Asia Cell,-77.5,-11.2,-46.1
10/6/2025 13:23:35.000,33.2935108306126,44.4417390397082,,Asia Cell,-77.6,-11.7,-45.8
10/6/2025 13:23:37.000,33.2935147045574,44.4417406425271,,Asia Cell,-77.4,-11.9,-45.4
10/6/2025 13:23:39.000,33.2935187246957,44.4417418823828,,Asia Cell,-77.2,-11.3,-44.3
10/6/2025 13:23:41.000,33.2935227448339,44.4417431222385,,Asia Cell,-77.1,-10.7,-46.2
10/6/2025 13:23:43.000,33.2935267649722,44.4417443620942,,Asia Cell,-76.9,-11.3,-45.0
10/6/2025 13:23:45.000,33.293530938562,44.4417472031463,,Asia Cell,-77.7,-11.2,-45.7
10/6/2025 13:23:47.000,33.2935352747693,44.4417517410377,,Asia Cell,-77.3,-10.6,-46.7
10/6/2025 13:23:49.000,33.2935396109767,44.4417562789291,,Asia Cell,-77.5,-11.3,-46.6
10/6/2025 13:23:51.000,33.2935443170651,44.4417615836653,,Asia Cell,-77.4,-10.4,-47.0
10/6/2025 13:23:53.000,33.2935507081673,44.4417703818061,,Asia Cell,-78.2,-10.8,-46.8
10/6/2025 13:23:55.000,33.2935565425868,44.4417780434631,,Asia Cell,-78.9,-11.0,-46.8
10/6/2025 13:23:57.000,33.2935596971609,44.4417802341395,,Asia Cell,-78.3,-11.0,-47.3
10/6/2025 13:23:59.000,33.2935633145794,44.4417846572446,,Asia Cell,-77.7,-10.9,-46.6
10/6/2025 13:24:01.000,33.2935681833919,44.4417951161753,,Asia Cell,-76.9,-11.0,-46.1
10/6/2025 13:24:03.000,33.293572822679,44.4418034724654,,Asia Cell,-77.2,-12.0,-46.2
10/6/2025 13:24:05.000,33.2935771469469,44.4418089429249,,Asia Cell,-78.1,-11.5,-46.4
10/6/2025 13:24:07.000,33.2935814712149,44.4418144133844,,Asia Cell,-77.8,-10.6,-47.4
10/6/2025 13:24:09.000,33.2935861694022,44.4418197652122,,Asia Cell,-77.4,-11.2,-46.7
10/6/2025 13:24:11.000,33.293592174206,44.4418247024953,,Asia Cell,-77.0,-11.1,-46.4
10/6/2025 13:24:13.000,33.2935981790098,44.4418296397785,,Asia Cell,-76.4,-11.0,-46.2
10/6/2025 13:24:15.000,33.2936030454749,44.4418322966443,,Asia Cell,-77.1,-11.1,-46.2
10/6/2025 13:24:17.000,33.2936074790726,44.4418340863535,,Asia Cell,-76.4,-10.2,-46.4
10/6/2025 13:24:19.000,33.2936119126703,44.4418358760626,,Asia Cell,-78.9,-13.7,-44.4
10/6/2025 13:24:21.000,33.293616346268,44.4418376657718,,Asia Cell,-83.7,-20.1,-43.2
10/6/2025 13:24:23.000,33.2936217959402,44.4418407448718,,Asia Cell,-84.5,-21.0,-43.4
10/6/2025 13:24:25.000,33.2936278500712,44.4418445910256,,Asia Cell,-83.9,-19.6,-45.0
10/6/2025 13:24:27.000,33.2936299654486,44.4418460600797,,Asia Cell,-83.2,-21.3,-39.5
10/6/2025 13:24:29.000,33.293622295699,44.4418416236559,,Asia Cell,-82.6,-20.5,-40.3
10/6/2025 13:24:31.000,33.2936147204021,44.4418371567195,,Asia Cell,-82.7,-20.5,-40.4
10/6/2025 13:24:33.000,33.2936083904076,44.441832287493,,Asia Cell,-83.3,-20.7,-42.8
10/6/2025 13:24:35.000,33.2936020604132,44.4418274182665,,Asia Cell,-77.0,-13.2,-41.4
10/6/2025 13:24:37.000,33.2935962257288,44.4418230403726,,Asia Cell,-76.1,-13.7,-43.8
10/6/2025 13:24:39.000,33.293590630071,44.4418188995859,,Asia Cell,-74.5,-13.2,-43.0
10/6/2025 13:24:41.000,33.2935850344133,44.4418147587992,,Asia Cell,-73.6,-13.4,-41.9
10/6/2025 13:24:43.000,33.2935758472469,44.4418142554766,,Asia Cell,-75.3,-13.7,-40.6
10/6/2025 13:24:45.000,33.2935651381103,44.4418153121463,,Asia Cell,-75.0,-14.7,-40.0
10/6/2025 13:24:47.000,33.2935610586262,44.4418122854323,,Asia Cell,-77.6,-14.1,-43.1
10/6/2025 13:24:49.000,33.293556979142,44.4418092587182,,Asia Cell,-76.4,-14.7,-40.4
10/6/2025 13:24:51.000,33.2935528996579,44.4418062320042,,Asia Cell,-76.0,-13.9,-42.0
10/6/2025 13:24:53.000,33.2935491878205,44.4418030124542,,Asia Cell,-75.7,-11.2,-42.5
10/6/2025 13:24:55.000,33.2935468801282,44.4417990564102,,Asia Cell,-75.4,-14.1,-39.1
10/6/2025 13:24:57.000,33.2935445724359,44.4417951003663,,Asia Cell,-77.4,-13.0,-45.5
10/6/2025 13:24:59.000,33.2935422647436,44.4417911443223,,Asia Cell,-76.8,-13.4,-45.0
10/6/2025 13:25:01.000,33.2935399570513,44.4417871882784,,Asia Cell,-77.2,-13.5,-43.2
10/6/2025 13:25:03.000,33.293538722541,44.4417851952935,,Asia Cell,-77.8,-13.8,-42.4
10/6/2025 13:25:05.000,33.2935380470646,44.4417842248908,,Asia Cell,-76.7,-13.4,-42.8
10/6/2025 13:25:07.000,33.2935373715882,44.4417832544881,,Asia Cell,-75.6,-13.0,-41.4
10/6/2025 13:25:09.000,33.2935366961117,44.4417822840854,,Asia Cell,-75.5,-14.7,-39.8
10/6/2025 13:25:11.000,33.2935360206353,44.4417813136826,,Asia Cell,-75.6,-15.0,-39.7
10/6/2025 13:25:13.000,33.2935353451589,44.4417803432799,,Asia Cell,-75.9,-15.8,-38.6
10/6/2025 13:25:15.000,33.2935346696825,44.4417793728772,,Asia Cell,-77.6,-16.1,-42.5
10/6/2025 13:25:17.000,33.2935339942061,44.4417784024745,,Asia Cell,-76.7,-14.0,-43.7
10/6/2025 13:25:19.000,33.2935333187297,44.4417774320718,,Asia Cell,-76.1,-14.2,-40.1
10/6/2025 13:25:21.000,33.2935326432533,44.4417764616691,,Asia Cell,-75.7,-15.4,-39.6
10/6/2025 13:25:23.000,33.2935319677769,44.4417754912663,,Asia Cell,-76.7,-13.2,-39.7
10/6/2025 13:25:25.000,33.2935312923005,44.4417745208636,,Asia Cell,-78.7,-11.1,-45.3
10/6/2025 13:25:27.000,33.2935306168241,44.4417735504609,,Asia Cell,-79.8,-11.2,-47.4
10/6/2025 13:25:29.000,33.2935299413477,44.4417725800582,,Asia Cell,-79.6,-11.3,-47.9
10/6/2025 13:25:31.000,33.2935292658713,44.4417716096555,,Asia Cell,-81.0,-11.8,-49.4
10/6/2025 13:25:33.000,33.2935285903949,44.4417706392528,,Asia Cell,-79.7,-11.3,-48.9
10/6/2025 13:25:35.000,33.2935279149185,44.44176966885,,Asia Cell,-79.9,-11.0,-48.9
10/6/2025 13:25:37.000,33.2935266919109,44.4417681843648,,Asia Cell,-84.8,-12.4,-52.2
10/6/2025 13:25:39.000,33.2935220773616,44.4417635155266,,Asia Cell,-79.4,-12.1,-49.6
10/6/2025 13:25:41.000,33.2935174628122,44.4417588466884,,Asia Cell,-78.7,-12.4,-46.5
10/6/2025 13:25:43.000,33.2935130753924,44.4417543873157,,Asia Cell,-80.4,-12.2,-47.6
10/6/2025 13:25:45.000,33.2935117525763,44.4417527542093,,Asia Cell,-79.9,-10.8,-49.1
10/6/2025 13:25:47.000,33.2935104297601,44.441751121103,,Asia Cell,-78.3,-12.2,-48.5
10/6/2025 13:25:49.000,33.293509106944,44.4417494879967,,Asia Cell,-76.4,-15.1,-40.3
10/6/2025 13:25:51.000,33.2935077841279,44.4417478548903,,Asia Cell,-76.8,-14.4,-41.3
10/6/2025 13:25:53.000,33.2935064613117,44.441746221784,,Asia Cell,-77.1,-14.6,-41.6
10/6/2025 13:25:55.000,33.2935051384956,44.4417445886777,,Asia Cell,-77.2,-17.2,-40.3
10/6/2025 13:25:57.000,33.2935038156795,44.4417429555713,,Asia Cell,-76.5,-15.1,-40.6
10/6/2025 13:25:59.000,33.2935024928634,44.441741322465,,Asia Cell,-77.1,-15.5,-39.2
10/6/2025 13:26:01.000,33.2935011700472,44.4417396893586,,Asia Cell,-76.6,-16.3,-39.4
10/6/2025 13:26:03.000,33.2934998472311,44.4417380562523,,Asia Cell,-77.2,-14.9,-43.3
10/6/2025 13:26:05.000,33.2934925664137,44.4417327812302,,Asia Cell,-75.7,-17.1,-36.9
10/6/2025 13:26:07.000,33.2934843437697,44.4417269305028,,Asia Cell,-75.0,-13.4,-38.9
10/6/2025 13:26:09.000,33.2934809483166,44.4417224636171,,Asia Cell,-74.7,-14.6,-40.2
10/6/2025 13:26:11.000,33.2934791150714,44.4417184445796,,Asia Cell,-75.2,-15.3,-39.8
10/6/2025 13:26:13.000,33.2934772818262,44.441714425542,,Asia Cell,-76.0,-14.7,-40.6
10/6/2025 13:26:15.000,33.293475448581,44.4417104065045,,Asia Cell,-76.8,-16.0,-41.1
10/6/2025 13:26:17.000,33.2934737144505,44.4417064638393,,Asia Cell,-82.0,-15.9,-45.8
10/6/2025 13:26:19.000,33.2934754210138,44.441705172386,,Asia Cell,-80.6,-14.8,-46.6
10/6/2025 13:26:21.000,33.2934771275771,44.4417038809326,,Asia Cell,-76.9,-11.3,-39.7
10/6/2025 13:26:23.000,33.2934788341405,44.4417025894792,,Asia Cell,-81.5,-11.5,-48.6
10/6/2025 13:26:25.000,33.2934854222268,44.4417060394078,,Asia Cell,-84.5,-9.2,-55.4
10/6/2025 13:26:27.000,33.2934967224617,44.4417142064176,,Asia Cell,-88.0,-11.8,-54.3
10/6/2025 13:26:29.000,33.2934975885416,44.4417186197916,,Asia Cell,-82.2,-12.4,-49.4
10/6/2025 13:26:31.000,33.2934875058333,44.4417263258334,,Asia Cell,-83.0,-11.5,-50.0
10/6/2025 13:26:33.000,33.2934615940386,44.4417464760706,,Asia Cell,-78.2,-10.7,-47.4
10/6/2025 13:26:35.000,33.2933905039348,44.44176753457,,Asia Cell,-81.9,-11.2,-49.9
10/6/2025 13:26:37.000,33.2933072052755,44.4417899495756,,Asia Cell,-86.0,-11.6,-54.4
10/6/2025 13:26:39.000,33.293224881376,44.441786836892,,Asia Cell,-87.4,-12.2,-55.1
10/6/2025 13:26:41.000,33.2931480988562,44.4417903453159,,Asia Cell,-87.7,-12.3,-56.2
10/6/2025 13:26:43.000,33.2930847046413,44.4418034493671,,Asia Cell,-94.4,-12.5,-62.4
10/6/2025 13:26:45.000,33.293053997479,44.4417945018908,,Asia Cell,-98.1,-16.2,-62.6
10/6/2025 13:26:47.000,33.2930486807162,44.4417985623967,,Asia Cell,-99.6,-15.4,-65.0
10/6/2025 13:26:49.000,33.2930510474108,44.4417960718451,,Asia Cell,-99.1,-15.8,-64.9
10/6/2025 13:26:51.000,33.2930510116279,44.4417937810077,,Asia Cell,-100.2,-16.2,-63.6
10/6/2025 13:26:53.000,33.2930500555555,44.4418084444444,,Asia Cell,-96.3,-15.3,-61.2
10/6/2025 13:26:55.000,33.2930488627865,44.4418205061103,,Asia Cell,-98.9,-15.2,-64.0
10/6/2025 13:26:57.000,33.2930472859436,44.4418278271668,,Asia Cell,-98.4,-15.8,-62.7
10/6/2025 13:26:59.000,33.2930457091007,44.4418351482233,,Asia Cell,-97.8,-15.5,-62.5
10/6/2025 13:27:01.000,33.2930448018394,44.4418393827062,,Asia Cell,-97.8,-16.1,-61.5
10/6/2025 13:27:03.000,33.2930442457003,44.44184199862,,Asia Cell,-97.1,-15.7,-61.3
10/6/2025 13:27:05.000,33.2930436895611,44.4418446145338,,Asia Cell,-98.8,-16.7,-61.3
10/6/2025 13:27:07.000,33.2930431334219,44.4418472304476,,Asia Cell,-99.6,-16.1,-63.6
10/6/2025 13:27:09.000,33.2930425772828,44.4418498463614,,Asia Cell,-98.8,-16.4,-61.9
10/6/2025 13:27:11.000,33.2930420211436,44.4418524622752,,Asia Cell,-98.4,-14.9,-64.5
10/6/2025 13:27:13.000,33.2930414650045,44.441855078189,,Asia Cell,-100.4,-14.9,-64.2
10/6/2025 13:27:15.000,33.2930409088653,44.4418576941028,,Asia Cell,-99.1,-15.3,-65.1
10/6/2025 13:27:17.000,33.2930265418843,44.4418654658398,,Asia Cell,-93.4,-13.9,-59.3
10/6/2025 13:27:19.000,33.2929959325889,44.4418725463193,,Asia Cell,-93.7,-19.0,-55.6
10/6/2025 13:27:21.000,33.2929757213114,44.4418742295082,,Asia Cell,-92.5,-20.9,-51.6
10/6/2025 13:27:23.000,33.2929587182054,44.4418771440489,,Asia Cell,-92.4,-19.2,-53.2
10/6/2025 13:27:25.000,33.2929327841646,44.4418775,,Asia Cell,-90.0,-15.5,-52.6
10/6/2025 13:27:27.000,33.2929037005445,44.4418837283727,,Asia Cell,-84.7,-15.8,-48.9
10/6/2025 13:27:29.000,33.292870633385,44.4419026976265,,Asia Cell,-88.6,-14.8,-50.6
10/6/2025 13:27:31.000,33.292852602138,44.4419240842566,,Asia Cell,-86.8,-16.7,-50.3
10/6/2025 13:27:33.000,33.2928408563037,44.4419490808685,,Asia Cell,-85.0,-15.5,-48.8
10/6/2025 13:27:35.000,33.2928297892004,44.4419786573209,,Asia Cell,-86.3,-17.1,-48.5
10/6/2025 13:27:37.000,33.2928182669948,44.4420076216597,,Asia Cell,-86.5,-17.5,-48.6
10/6/2025 13:27:39.000,33.292808289606,44.4420411285275,,Asia Cell,-86.2,-17.7,-47.8
10/6/2025 13:27:41.000,33.2928017314815,44.4420661005291,,Asia Cell,-88.0,-19.3,-49.3
10/6/2025 13:27:43.000,33.292795497578,44.4420827134423,,Asia Cell,-83.9,-15.5,-48.3
10/6/2025 13:27:45.000,33.2927918327377,44.4421015976772,,Asia Cell,-79.8,-12.9,-46.9
10/6/2025 13:27:47.000,33.292784284113,44.4421396539961,,Asia Cell,-76.9,-11.9,-47.0
10/6/2025 13:27:49.000,33.292778602846,44.4421911308754,,Asia Cell,-77.4,-15.1,-42.0
10/6/2025 13:27:51.000,33.2927644523809,44.4422495952381,,Asia Cell,-77.2,-14.3,-44.6
10/6/2025 13:27:53.000,33.29274962,44.4423087791666,,Asia Cell,-75.3,-11.1,-45.2
10/6/2025 13:27:55.000,33.2927336849207,44.4423726732804,,Asia Cell,-76.5,-11.4,-47.6
10/6/2025 13:27:57.000,33.2927179358108,44.4424510731982,,Asia Cell,-74.4,-10.8,-44.2
10/6/2025 13:27:59.000,33.2927079179146,44.4425388585691,,Asia Cell,-75.5,-11.2,-44.3
10/6/2025 13:28:01.000,33.2927024657152,44.4426329051837,,Asia Cell,-77.0,-10.4,-45.5
10/6/2025 13:28:03.000,33.2926864276808,44.4427384044057,,Asia Cell,-78.0,-13.1,-44.0
10/6/2025 13:28:05.000,33.2926699548209,44.4428382752066,,Asia Cell,-74.1,-13.0,-40.6
10/6/2025 13:28:07.000,33.2926642225042,44.4429216539763,,Asia Cell,-76.4,-11.3,-45.3
10/6/2025 13:28:09.000,33.2926549870371,44.4430013115226,,Asia Cell,-74.6,-9.5,-45.0
10/6/2025 13:28:11.000,33.2926516241007,44.4430458570743,,Asia Cell,-73.9,-11.0,-44.3
10/6/2025 13:28:13.000,33.2926478097139,44.443073658849,,Asia Cell,-75.5,-10.1,-42.2
10/6/2025 13:28:15.000,33.2926407075564,44.4431034826628,,Asia Cell,-72.3,-10.7,-41.6
10/6/2025 13:28:17.000,33.292627753849,44.4431477724912,,Asia Cell,-74.4,-11.1,-43.3
10/6/2025 13:28:19.000,33.292617917704,44.4432002067773,,Asia Cell,-77.4,-11.6,-45.3
10/6/2025 13:28:21.000,33.2926091505848,44.4432581366959,,Asia Cell,-75.7,-11.0,-44.2
10/6/2025 13:28:23.000,33.2926093005464,44.4433232360656,,Asia Cell,-73.9,-9.9,-44.1
10/6/2025 13:28:25.000,33.2926005388633,44.4433740029186,,Asia Cell,-75.9,-11.7,-47.8
10/6/2025 13:28:27.000,33.2925945469118,44.4434201624234,,Asia Cell,-77.9,-10.5,-49.9
10/6/2025 13:28:29.000,33.292586287234,44.4434819908219,,Asia Cell,-70.7,-10.9,-38.9
10/6/2025 13:28:31.000,33.2925867390824,44.4435687252626,,Asia Cell,-71.2,-11.4,-38.1
10/6/2025 13:28:33.000,33.292567528169,44.4436649499218,,Asia Cell,-76.4,-10.1,-40.4
10/6/2025 13:28:35.000,33.2925097665581,44.4437519674267,,Asia Cell,-70.0,-9.3,-40.7
10/6/2025 13:28:37.000,33.2924891029909,44.4438338224795,,Asia Cell,-72.2,-10.1,-40.5
10/6/2025 13:28:39.000,33.2924834484241,44.4439163075453,,Asia Cell,-75.0,-11.3,-44.1
10/6/2025 13:28:41.000,33.2924747971813,44.4439903927696,,Asia Cell,-69.6,-11.1,-41.9
10/6/2025 13:28:43.000,33.2924584148757,44.4440519471133,,Asia Cell,-70.4,-11.8,-37.4
10/6/2025 13:28:45.000,33.292448906016,44.4440937625871,,Asia Cell,-70.6,-9.9,-41.6
10/6/2025 13:28:47.000,33.2924438486988,44.4441291835548,,Asia Cell,-68.8,-9.4,-39.1
10/6/2025 13:28:49.000,33.2924485552326,44.4441686540698,,Asia Cell,-70.1,-9.5,-40.0
10/6/2025 13:28:51.000,33.2924473333333,44.4442058236473,,Asia Cell,-67.4,-9.6,-37.9
10/6/2025 13:28:53.000,33.2924475666667,44.4442373,,Asia Cell,-68.1,-10.1,-37.6
10/6/2025 13:28:55.000,33.29244864,44.4442682653333,,Asia Cell,-67.6,-10.4,-37.0
10/6/2025 13:28:57.000,33.2924464674797,44.4443044186992,,Asia Cell,-71.3,-10.7,-38.4
10/6/2025 13:28:59.000,33.2924463943324,44.4443389169068,,Asia Cell,-72.5,-11.5,-45.3
10/6/2025 13:29:01.000,33.292444,44.4443784445387,,Asia Cell,-73.5,-10.8,-43.3
10/6/2025 13:29:03.000,33.2924468708299,44.4444103110008,,Asia Cell,-71.5,-10.0,-41.8
10/6/2025 13:29:05.000,33.2924463193816,44.444453888009,,Asia Cell,-71.1,-14.5,-33.9
10/6/2025 13:29:07.000,33.2924426823505,44.4445036116688,,Asia Cell,-70.8,-12.2,-36.8
10/6/2025 13:29:09.000,33.2924294862397,44.4445648238169,,Asia Cell,-71.6,-12.6,-38.6
10/6/2025 13:29:11.000,33.2924141285757,44.4446381203703,,Asia Cell,-70.9,-12.2,-39.0
10/6/2025 13:29:13.000,33.292390039446,44.4447307129629,,Asia Cell,-72.3,-12.0,-40.3
10/6/2025 13:29:15.000,33.2923555121816,44.4448165365449,,Asia Cell,-76.9,-13.3,-46.8
10/6/2025 13:29:17.000,33.2923285744605,44.4448788641487,,Asia Cell,-80.4,-9.4,-50.9
10/6/2025 13:29:19.000,33.2923059687243,44.4449351699589,,Asia Cell,-79.2,-10.9,-47.5
10/6/2025 13:29:21.000,33.2922822376238,44.4450013393839,,Asia Cell,-76.0,-12.9,-43.0
10/6/2025 13:29:23.000,33.292246522452,44.4450884191354,,Asia Cell,-74.2,-14.5,-38.8
10/6/2025 13:29:25.000,33.2922170432309,44.4451756379408,,Asia Cell,-76.4,-13.9,-39.9
10/6/2025 13:29:27.000,33.2921960405742,44.4452459619226,,Asia Cell,-74.9,-13.2,-40.4
10/6/2025 13:29:29.000,33.2921765061521,44.4452954793065,,Asia Cell,-76.7,-16.1,-39.3
10/6/2025 13:29:31.000,33.2921547642948,44.4453433335451,,Asia Cell,-73.3,-12.9,-40.2
10/6/2025 13:29:33.000,33.2921328711485,44.4454050854342,,Asia Cell,-68.3,-10.6,-37.5
10/6/2025 13:29:35.000,33.2921013363889,44.4454848988889,,Asia Cell,-75.3,-15.0,-39.8
10/6/2025 13:29:37.000,33.2920586707624,44.4455815693132,,Asia Cell,-81.4,-16.8,-43.8
10/6/2025 13:29:39.000,33.292010412151,44.4457187430213,,Asia Cell,-80.8,-15.3,-43.0
10/6/2025 13:29:41.000,33.2919473224401,44.4458930337691,,Asia Cell,-75.5,-11.5,-43.5
10/6/2025 13:29:43.000,33.2918751633837,44.4460835702493,,Asia Cell,-79.5,-12.5,-44.5
10/6/2025 13:29:45.000,33.2917742518009,44.4463140795882,,Asia Cell,-73.6,-10.4,-43.7
10/6/2025 13:29:47.000,33.291673340218,44.4465445889271,,Asia Cell,-71.7,-10.1,-40.8
10/6/2025 13:29:49.000,33.2915661462649,44.446825586629,,Asia Cell,-71.8,-10.3,-41.3
10/6/2025 13:29:51.000,33.2914212742719,44.4471358462783,,Asia Cell,-71.3,-10.0,-40.0
10/6/2025 13:29:53.000,33.2912782622951,44.4474197540983,,Asia Cell,-74.3,-11.0,-41.0
10/6/2025 13:29:55.000,33.291119661395,44.4476163990267,,Asia Cell,-80.7,-14.9,-44.2
10/6/2025 13:29:57.000,33.2909865401554,44.4477654900691,,Asia Cell,-90.9,-19.7,-51.0
10/6/2025 13:29:59.000,33.2909077315027,44.4478865594965,,Asia Cell,-85.0,-16.2,-46.7
10/6/2025 13:30:01.000,33.2908865687919,44.448006401566,,Asia Cell,-70.9,-11.2,-40.4
10/6/2025 13:30:03.000,33.2909302351336,44.4481238998909,,Asia Cell,-72.9,-15.3,-35.0
10/6/2025 13:30:05.000,33.291029236356,44.4482370839631,,Asia Cell,-71.7,-11.7,-40.4
10/6/2025 13:30:07.000,33.2911449410569,44.4483771463415,,Asia Cell,-85.0,-12.0,-53.2
10/6/2025 13:30:09.000,33.2912543666667,44.4485407866667,,Asia Cell,-74.2,-12.6,-38.6
10/6/2025 13:30:11.000,33.2913673927393,44.4487052813532,,Asia Cell,-76.1,-15.0,-39.3
10/6/2025 13:30:13.000,33.2914623164191,44.4488436468647,,Asia Cell,-73.5,-12.1,-39.7
10/6/2025 13:30:15.000,33.2915467058824,44.4489671764706,,Asia Cell,-76.0,-14.2,-40.8
10/6/2025 13:30:17.000,33.2916078018018,44.4490631081081,,Asia Cell,-71.2,-16.1,-34.9
10/6/2025 13:30:19.000,33.2916595143502,44.4491269159492,,Asia Cell,-74.8,-9.4,-38.4
10/6/2025 13:30:21.000,33.291689613882,44.449167024522,,Asia Cell,-81.4,-9.2,-50.0
10/6/2025 13:30:23.000,33.2917241492347,44.4492113558673,,Asia Cell,-79.9,-9.8,-50.2
10/6/2025 13:30:25.000,33.2917820549958,44.449276450042,,Asia Cell,-81.6,-9.4,-52.2
10/6/2025 13:30:27.000,33.2918585111642,44.4493685007975,,Asia Cell,-77.8,-8.5,-49.5
10/6/2025 13:30:29.000,33.2919448142741,44.4494794987835,,Asia Cell,-80.3,-9.2,-49.9
10/6/2025 13:30:31.000,33.2920286146572,44.4495914314421,,Asia Cell,-78.2,-9.2,-50.2
10/6/2025 13:30:33.000,33.2921167867647,44.4497130171568,,Asia Cell,-79.6,-9.5,-50.1
10/6/2025 13:30:35.000,33.2922134824121,44.4498627855946,,Asia Cell,-76.3,-9.1,-47.8
10/6/2025 13:30:37.000,33.2923311047401,44.4500364732416,,Asia Cell,-76.4,-9.8,-45.9
10/6/2025 13:30:39.000,33.2924547613065,44.4502066499162,,Asia Cell,-75.5,-8.9,-46.5
10/6/2025 13:30:41.000,33.2925819308943,44.450389501626,,Asia Cell,-72.5,-9.1,-43.9
10/6/2025 13:30:43.000,33.2927083411581,44.4505763763693,,Asia Cell,-70.0,-9.1,-41.4
10/6/2025 13:30:45.000,33.2928506515151,44.4507696363636,,Asia Cell,-75.4,-10.8,-42.2
10/6/2025 13:30:47.000,33.29300342555,44.4509658451777,,Asia Cell,-71.2,-9.9,-43.2
10/6/2025 13:30:49.000,33.2931759378109,44.4511847761194,,Asia Cell,-69.4,-10.0,-39.5
10/6/2025 13:30:51.000,33.29334332,44.45139051,,Asia Cell,-76.5,-11.4,-45.1
10/6/2025 13:30:53.000,33.2934910033333,44.4515898558333,,Asia Cell,-78.8,-12.7,-44.9
10/6/2025 13:30:55.000,33.2936320563726,44.4517828125,,Asia Cell,-75.7,-9.8,-46.0
10/6/2025 13:30:57.000,33.2937630957265,44.4519656538462,,Asia Cell,-73.8,-10.1,-43.6
10/6/2025 13:30:59.000,33.2938747348112,44.452125591954,,Asia Cell,-69.2,-8.9,-41.1
10/6/2025 13:31:01.000,33.2939642632014,44.4522596819307,,Asia Cell,-69.3,-11.8,-38.4
10/6/2025 13:31:03.000,33.2940231150062,44.4523430352091,,Asia Cell,-67.9,-12.0,-35.5
10/6/2025 13:31:05.000,33.2940310260454,44.4523697410609,,Asia Cell,-67.8,-11.3,-34.8
10/6/2025 13:31:07.000,33.2940325109586,44.4523774032134,,Asia Cell,-66.4,-13.4,-32.4
10/6/2025 13:31:09.000,33.2940339958719,44.4523850653659,,Asia Cell,-65.9,-10.3,-35.2
10/6/2025 13:31:11.000,33.294034875528,44.4523947480507,,Asia Cell,-68.4,-12.3,-33.7
10/6/2025 13:31:13.000,33.294035444079,44.4524054692983,,Asia Cell,-73.9,-12.6,-40.5
10/6/2025 13:31:15.000,33.2940439889724,44.4524349192983,,Asia Cell,-68.2,-12.6,-35.9
10/6/2025 13:31:17.000,33.294082407173,44.4524918665612,,Asia Cell,-67.9,-11.7,-36.2
10/6/2025 13:31:19.000,33.2941277775965,44.4525623132137,,Asia Cell,-69.1,-12.2,-36.3
10/6/2025 13:31:21.000,33.2941505387534,44.4526417195122,,Asia Cell,-70.6,-11.8,-39.6
10/6/2025 13:31:23.000,33.2941384777035,44.4527125585284,,Asia Cell,-70.7,-13.1,-38.6
10/6/2025 13:31:25.000,33.2940831511628,44.4527868527132,,Asia Cell,-74.8,-13.5,-47.2
10/6/2025 13:31:27.000,33.2939976274509,44.4528835163399,,Asia Cell,-76.6,-17.1,-37.9
10/6/2025 13:31:29.000,33.2938827320261,44.4530174003268,,Asia Cell,-74.3,-15.3,-38.4
10/6/2025 13:31:31.000,33.2937449487179,44.4531674948718,,Asia Cell,-74.1,-16.1,-37.9
10/6/2025 13:31:33.000,33.2936316942356,44.4532785952381,,Asia Cell,-69.0,-13.5,-35.3
10/6/2025 13:31:35.000,33.2935586107287,44.4533481133104,,Asia Cell,-69.3,-12.9,-36.0
10/6/2025 13:31:37.000,33.2935059677554,44.4533891557789,,Asia Cell,-64.8,-13.5,-31.2
10/6/2025 13:31:39.000,33.2934646002913,44.4534152039118,,Asia Cell,-59.6,-12.6,-26.9
10/6/2025 13:31:41.000,33.2934512836038,44.4534268560133,,Asia Cell,-60.2,-13.7,-26.3
10/6/2025 13:31:43.000,33.2934250666667,44.4534496,,Asia Cell,-59.9,-14.5,-25.1
10/6/2025 13:31:45.000,33.2933803409994,44.4534918458262,,Asia Cell,-57.5,-13.8,-23.7
10/6/2025 13:31:47.000,33.2933167722584,44.4535572470141,,Asia Cell,-55.7,-16.9,-18.2
10/6/2025 13:31:49.000,33.2932671265349,44.4536265697814,,Asia Cell,-60.2,-13.4,-22.8
10/6/2025 13:31:51.000,33.2932269947589,44.453696351153,,Asia Cell,-64.0,-14.3,-29.7
10/6/2025 13:31:53.000,33.2931868629829,44.4537661325247,,Asia Cell,-66.3,-15.6,-30.4
10/6/2025 13:31:55.000,33.293196003876,44.4538703145072,,Asia Cell,-71.5,-14.1,-37.5
10/6/2025 13:31:57.000,33.2932076465629,44.4539510551232,,Asia Cell,-68.2,-12.0,-35.2
10/6/2025 13:31:59.000,33.293208767036,44.4539852599261,,Asia Cell,-69.5,-12.9,-34.8
10/6/2025 13:32:01.000,33.2932214282188,44.4540130653634,,Asia Cell,-71.1,-13.3,-39.2
10/6/2025 13:32:03.000,33.2932599921875,44.4540752174479,,Asia Cell,-71.6,-14.7,-39.4
10/6/2025 13:32:05.000,33.2933349069149,44.4541716143617,,Asia Cell,-79.9,-13.6,-39.7
10/6/2025 13:32:07.000,33.2934321108313,44.4543060835433,,Asia Cell,-74.8,-13.7,-41.3
10/6/2025 13:32:09.000,33.2935628531532,44.4544764747748,,Asia Cell,-79.6,-18.9,-41.5
10/6/2025 13:32:11.000,33.2936871488096,44.4546556071429,,Asia Cell,-82.2,-16.0,-46.1
10/6/2025 13:32:13.000,33.2938184339934,44.4548462145215,,Asia Cell,-84.5,-16.1,-47.7
10/6/2025 13:32:15.000,33.2939642263682,44.4550465820895,,Asia Cell,-84.1,-14.6,-47.9
10/6/2025 13:32:17.000,33.2941276904762,44.4552696071429,,Asia Cell,-89.4,-19.8,-49.0
10/6/2025 13:32:19.000,33.2942978608415,44.4555076472492,,Asia Cell,-85.5,-18.6,-46.5
10/6/2025 13:32:21.000,33.294470805,44.4557497933333,,Asia Cell,-77.7,-14.8,-41.5
10/6/2025 13:32:23.000,33.2946375736842,44.4559591093567,,Asia Cell,-78.7,-15.3,-39.8
10/6/2025 13:32:25.000,33.2948135753425,44.4561705182649,,Asia Cell,-84.5,-14.9,-45.5
10/6/2025 13:32:27.000,33.2949367996675,44.4563156965918,,Asia Cell,-84.2,-18.2,-44.4
10/6/2025 13:32:29.000,33.2950011866667,44.45638578,,Asia Cell,-74.9,-14.5,-40.6
10/6/2025 13:32:31.000,33.2950572026952,44.456441710671,,Asia Cell,-76.1,-13.9,-41.9
10/6/2025 13:32:33.000,33.2951214957698,44.4565049052454,,Asia Cell,-84.9,-19.0,-43.6
10/6/2025 13:32:35.000,33.2951991919721,44.4565946893542,,Asia Cell,-91.1,-20.8,-48.1
10/6/2025 13:32:37.000,33.2952848752053,44.4566982323481,,Asia Cell,-82.3,-13.6,-45.1
10/6/2025 13:32:39.000,33.2953627700502,44.456802679198,,Asia Cell,-88.9,-17.3,-50.0
10/6/2025 13:32:41.000,33.2954271680625,44.456897453378,,Asia Cell,-87.6,-15.2,-52.4
10/6/2025 13:32:43.000,33.2955014675768,44.4570045017065,,Asia Cell,-89.4,-15.2,-52.8
10/6/2025 13:32:45.000,33.2955792085455,44.4571196411998,,Asia Cell,-93.3,-15.2,-57.1
10/6/2025 13:32:47.000,33.295648430727,44.4572194012346,,Asia Cell,-90.4,-15.3,-54.0
10/6/2025 13:32:49.000,33.2957218262351,44.4573233997728,,Asia Cell,-82.9,-10.8,-53.5
10/6/2025 13:32:51.000,33.2957940781609,44.4574271517241,,Asia Cell,-90.2,-13.5,-54.2
10/6/2025 13:32:53.000,33.2958649266667,44.4575320053333,,Asia Cell,-89.8,-16.1,-52.3
10/6/2025 13:32:55.000,33.2959326311787,44.4576256875792,,Asia Cell,-85.5,-13.1,-52.4
10/6/2025 13:32:57.000,33.2959946769961,44.4577087537688,,Asia Cell,-90.2,-14.8,-51.5
10/6/2025 13:32:59.000,33.2960607029221,44.4577994364177,,Asia Cell,-87.0,-12.3,-52.7
10/6/2025 13:33:01.000,33.2961425162393,44.4579204256411,,Asia Cell,-87.7,-11.7,-55.6
10/6/2025 13:33:03.000,33.2962347126437,44.4580843390804,,Asia Cell,-89.4,-13.3,-54.6
10/6/2025 13:33:05.000,33.2963383166667,44.4582955783334,,Asia Cell,-92.2,-14.6,-52.9
10/6/2025 13:33:07.000,33.2964281196283,44.4584399519938,,Asia Cell,-89.0,-14.1,-54.2
10/6/2025 13:33:09.000,33.2964844470813,44.4585423813421,,Asia Cell,-92.2,-14.4,-55.6
10/6/2025 13:33:11.000,33.2965366140056,44.4586214540616,,Asia Cell,-91.9,-14.1,-54.4
10/6/2025 13:33:13.000,33.2965914671533,44.4587045008111,,Asia Cell,-86.7,-10.7,-54.7
10/6/2025 13:33:15.000,33.2966526077441,44.4588029949495,,Asia Cell,-89.6,-14.7,-54.0
10/6/2025 13:33:17.000,33.2967174823045,44.4589019798354,,Asia Cell,-93.0,-16.9,-52.4
10/6/2025 13:33:19.000,33.2967838888889,44.4589977407408,,Asia Cell,-91.2,-13.3,-52.7
10/6/2025 13:33:21.000,33.296849075,44.459092675,,Asia Cell,-97.0,-21.5,-55.0
10/6/2025 13:33:23.000,33.2969192442323,44.4591956861575,,Asia Cell,-93.9,-17.8,-55.2
10/6/2025 13:33:25.000,33.2969966678952,44.459312466421,,Asia Cell,-93.3,-17.9,-55.2
10/6/2025 13:33:27.000,33.2970713444996,44.4594302998346,,Asia Cell,-93.6,-18.2,-55.1
10/6/2025 13:33:29.000,33.2971421691729,44.459541991228,,Asia Cell,-96.2,-17.5,-55.4
10/6/2025 13:33:31.000,33.297208576167,44.4596467747748,,Asia Cell,-95.7,-16.1,-56.2
10/6/2025 13:33:33.000,33.2972699618574,44.4597481890547,,Asia Cell,-94.7,-17.1,-56.8
10/6/2025 13:33:35.000,33.2973361129582,44.4598524599318,,Asia Cell,-97.7,-20.7,-55.1
10/6/2025 13:33:37.000,33.2973947741117,44.4599386615906,,Asia Cell,-94.6,-19.7,-54.6
10/6/2025 13:33:39.000,33.29744615113,44.4600044336159,,Asia Cell,-91.7,-15.0,-54.8
10/6/2025 13:33:41.000,33.2974925499791,44.4600658170222,,Asia Cell,-91.2,-15.8,-54.7
10/6/2025 13:33:43.000,33.2975210026239,44.4601027466472,,Asia Cell,-93.3,-18.3,-54.7
10/6/2025 13:33:45.000,33.297533119711,44.4601176607526,,Asia Cell,-93.4,-15.7,-55.3
10/6/2025 13:33:47.000,33.2975403436532,44.4601244877748,,Asia Cell,-90.9,-15.0,-54.0
10/6/2025 13:33:49.000,33.2975529707968,44.4601386147267,,Asia Cell,-87.9,-13.4,-53.5
10/6/2025 13:33:51.000,33.2975946114865,44.4601962105856,,Asia Cell,-92.0,-17.3,-54.8
10/6/2025 13:33:53.000,33.297648177957,44.4602745526882,,Asia Cell,-90.8,-16.5,-54.1
10/6/2025 13:33:55.000,33.2977032367836,44.4603569015025,,Asia Cell,-92.2,-17.2,-55.0
10/6/2025 13:33:57.000,33.297767722488,44.4604521052632,,Asia Cell,-88.0,-12.9,-54.4
10/6/2025 13:33:59.000,33.2978293182579,44.4605438534338,,Asia Cell,-89.6,-11.8,-60.1
10/6/2025 13:34:01.000,33.2978695596889,44.4606038896595,,Asia Cell,-90.6,-12.6,-60.4
10/6/2025 13:34:03.000,33.2979067179931,44.4606600991926,,Asia Cell,-88.5,-12.6,-55.7
10/6/2025 13:34:05.000,33.297949464986,44.460726105042,,Asia Cell,-89.9,-12.6,-57.7
10/6/2025 13:34:07.000,33.2979966274509,44.4607963235294,,Asia Cell,-86.7,-19.6,-55.0
10/6/2025 13:34:09.000,33.2980349194284,44.4608520030019,,Asia Cell,-85.7,-16.9,-48.8
10/6/2025 13:34:11.000,33.2980471028791,44.4608702002879,,Asia Cell,-88.3,-19.1,-47.8
10/6/2025 13:34:13.000,33.2980527330774,44.4608774299744,,Asia Cell,-83.7,-17.5,-46.1
10/6/2025 13:34:15.000,33.2980583632758,44.4608846596609,,Asia Cell,-84.8,-17.9,-45.1
10/6/2025 13:34:17.000,33.2980873075835,44.4609253392756,,Asia Cell,-83.5,-15.7,-45.7
10/6/2025 13:34:19.000,33.2981345214689,44.4609943327684,,Asia Cell,-85.7,-17.6,-46.3
10/6/2025 13:34:21.000,33.2981790142617,44.4610584354027,,Asia Cell,-95.3,-24.9,-46.6
10/6/2025 13:34:23.000,33.2982223208138,44.4611172026604,,Asia Cell,-84.4,-16.8,-45.6
10/6/2025 13:34:25.000,33.2982632415084,44.4611746427749,,Asia Cell,-87.3,-18.9,-48.4
10/6/2025 13:34:27.000,33.2983001108478,44.4612325526593,,Asia Cell,-85.4,-17.7,-46.2
10/6/2025 13:34:29.000,33.2983410792617,44.461291509772,,Asia Cell,-83.8,-18.8,-44.0
10/6/2025 13:34:31.000,33.2983881280316,44.4613559717992,,Asia Cell,-81.8,-17.3,-43.8
10/6/2025 13:34:33.000,33.298428281761,44.4614138396226,,Asia Cell,-83.5,-18.0,-44.3
10/6/2025 13:34:35.000,33.2984649954281,44.4614627360765,,Asia Cell,-82.4,-17.3,-44.4
10/6/2025 13:34:37.000,33.2984987496782,44.4615060714286,,Asia Cell,-85.1,-18.4,-46.0
10/6/2025 13:34:39.000,33.2985373407922,44.4615632355967,,Asia Cell,-83.9,-17.2,-47.0
10/6/2025 13:34:41.000,33.2985980826772,44.4616413805774,,Asia Cell,-82.2,-15.7,-46.2
10/6/2025 13:34:43.000,33.2986658367521,44.4617416320512,,Asia Cell,-81.0,-16.4,-44.8
10/6/2025 13:34:45.000,33.2987605178117,44.4618822900764,,Asia Cell,-77.7,-14.4,-41.2
10/6/2025 13:34:47.000,33.298879245614,44.462060745614,,Asia Cell,-70.9,-15.7,-41.0
10/6/2025 13:34:49.000,33.2990158627451,44.4622552843138,,Asia Cell,-76.3,-16.5,-39.8
10/6/2025 13:34:51.000,33.2991681028369,44.4624698918439,,Asia Cell,-75.2,-12.0,-42.8
10/6/2025 13:34:53.000,33.2993191352657,44.4626902826087,,Asia Cell,-73.1,-16.2,-36.8
10/6/2025 13:34:55.000,33.2994590583333,44.4628879037879,,Asia Cell,-68.8,-10.0,-38.9
10/6/2025 13:34:57.000,33.2995861365854,44.4630702048781,,Asia Cell,-72.2,-14.6,-36.7
10/6/2025 13:34:59.000,33.2996943666667,44.4632233788618,,Asia Cell,-71.8,-10.0,-41.7
10/6/2025 13:35:01.000,33.2997880740741,44.4633518111111,,Asia Cell,-67.2,-10.6,-36.6
10/6/2025 13:35:03.000,33.2998686639929,44.4634618484849,,Asia Cell,-75.0,-12.0,-43.3
10/6/2025 13:35:05.000,33.2999435207907,44.463560599182,,Asia Cell,-84.0,-10.9,-61.1
10/6/2025 13:35:07.000,33.3000231833953,44.4636705731103,,Asia Cell,-73.7,-11.2,-40.9
10/6/2025 13:35:09.000,33.3001038955782,44.4637815125851,,Asia Cell,-72.1,-12.8,-38.1
10/6/2025 13:35:11.000,33.3001743060932,44.4638832383513,,Asia Cell,-67.0,-12.3,-33.9
10/6/2025 13:35:13.000,33.3002522436782,44.4639860574713,,Asia Cell,-62.0,-13.7,-29.2
10/6/2025 13:35:15.000,33.3003388225806,44.4640998031431,,Asia Cell,-62.1,-11.3,-29.9
10/6/2025 13:35:17.000,33.3004189751589,44.4642049664934,,Asia Cell,-65.0,-11.1,-33.5
10/6/2025 13:35:19.000,33.3004860529209,44.4642936731959,,Asia Cell,-65.9,-11.8,-33.8
10/6/2025 13:35:21.000,33.3005518037975,44.4643807154536,,Asia Cell,-64.2,-9.7,-33.7
10/6/2025 13:35:23.000,33.3006151371158,44.464460106383,,Asia Cell,-67.7,-12.2,-34.4
10/6/2025 13:35:25.000,33.3006627621916,44.464523182444,,Asia Cell,-69.2,-10.8,-38.3
10/6/2025 13:35:27.000,33.3007129614325,44.4645889917355,,Asia Cell,-72.9,-13.6,-38.3
10/6/2025 13:35:29.000,33.3007342578822,44.4646201970058,,Asia Cell,-75.8,-13.5,-57.2
10/6/2025 13:35:31.000,33.3007557932961,44.4646480405028,,Asia Cell,-74.3,-13.6,-39.9
10/6/2025 13:35:33.000,33.3007997630992,44.4647093444816,,Asia Cell,-73.2,-14.5,-36.6
10/6/2025 13:35:35.000,33.3008594161905,44.4647884971428,,Asia Cell,-70.3,-12.2,-40.7
10/6/2025 13:35:37.000,33.3009318262853,44.4648919046435,,Asia Cell,-62.2,-12.9,-29.1
10/6/2025 13:35:39.000,33.3010231371037,44.4650145479863,,Asia Cell,-61.1,-11.5,-29.0
10/6/2025 13:35:41.000,33.3011251068493,44.4651440730593,,Asia Cell,-56.1,-11.9,-23.8
10/6/2025 13:35:43.000,33.3012280803653,44.4652626968037,,Asia Cell,-58.6,-10.0,-27.6
10/6/2025 13:35:45.000,33.3013496355312,44.4653994500916,,Asia Cell,-63.3,-12.2,-30.2
10/6/2025 13:35:47.000,33.3014582401574,44.4655372405949,,Asia Cell,-62.5,-13.7,-23.4
10/6/2025 13:35:49.000,33.3015395346426,44.4656535951991,,Asia Cell,-65.8,-11.6,-41.8
10/6/2025 13:35:51.000,33.3015987403235,44.4657486143848,,Asia Cell,-67.3,-14.6,-53.3
10/6/2025 13:35:53.000,33.3016465057471,44.4658188353726,,Asia Cell,-69.9,-15.1,-30.6
10/6/2025 13:35:55.000,33.3016717982524,44.4658523054485,,Asia Cell,-67.6,-12.9,-29.6
10/6/2025 13:35:57.000,33.3016934240977,44.4658827836164,,Asia Cell,-62.7,-13.3,-29.2
10/6/2025 13:35:59.000,33.3017250736173,44.4659298415546,,Asia Cell,-67.5,-12.6,-34.4
10/6/2025 13:36:01.000,33.3017573604993,44.4659842562408,,Asia Cell,-69.4,-13.7,-37.4
10/6/2025 13:36:03.000,33.3017937739938,44.466042493808,,Asia Cell,-71.7,-13.8,-40.3
10/6/2025 13:36:05.000,33.3018413579326,44.466108035655,,Asia Cell,-71.1,-12.8,-38.3
10/6/2025 13:36:07.000,33.3018826042564,44.4661659167862,,Asia Cell,-73.2,-13.8,-39.1
10/6/2025 13:36:09.000,33.3019145822416,44.4662089477802,,Asia Cell,-69.9,-14.3,-35.7
10/6/2025 13:36:11.000,33.3019474381632,44.4662559035858,,Asia Cell,-70.8,-13.4,-38.2
10/6/2025 13:36:13.000,33.3019832975791,44.4663026005587,,Asia Cell,-76.0,-9.2,-47.8
10/6/2025 13:36:15.000,33.3020175609937,44.4663508192436,,Asia Cell,-74.3,-13.0,-42.0
10/6/2025 13:36:17.000,33.3020513912325,44.466406382134,,Asia Cell,-69.4,-14.8,-36.0
10/6/2025 13:36:19.000,33.3020784833893,44.4664618219485,,Asia Cell,-66.2,-13.3,-32.9
10/6/2025 13:36:21.000,33.3021054558499,44.4665205507726,,Asia Cell,-72.3,-15.7,-36.8
10/6/2025 13:36:23.000,33.3021438492462,44.466603561139,,Asia Cell,-75.4,-16.4,-38.9
10/6/2025 13:36:25.000,33.3021826836735,44.4667203027211,,Asia Cell,-79.0,-18.0,-38.2
10/6/2025 13:36:27.000,33.3022220934292,44.4668553268309,,Asia Cell,-74.0,-12.7,-40.1
10/6/2025 13:36:29.000,33.3022426296531,44.4670000103638,,Asia Cell,-72.9,-13.9,-44.0
10/6/2025 13:36:31.000,33.3022440208939,44.4671700604677,,Asia Cell,-76.7,-15.2,-38.1
10/6/2025 13:36:33.000,33.3022179425,44.4673603420833,,Asia Cell,-73.8,-15.4,-35.4
10/6/2025 13:36:35.000,33.3021666593496,44.4675558951219,,Asia Cell,-76.4,-16.5,-38.2
10/6/2025 13:36:37.000,33.3020877370892,44.4677688004695,,Asia Cell,-75.4,-16.0,-38.8
10/6/2025 13:36:39.000,33.3020089559435,44.4679781400665,,Asia Cell,-75.3,-12.8,-40.9
10/6/2025 13:36:41.000,33.301941818408,44.46815925,,Asia Cell,-70.4,-12.0,-35.6
10/6/2025 13:36:43.000,33.3018808292181,44.468325526749,,Asia Cell,-72.2,-13.7,-38.0
10/6/2025 13:36:45.000,33.3018096469247,44.4684909143588,,Asia Cell,-74.7,-15.6,-38.2
10/6/2025 13:36:47.000,33.3017573109966,44.4686548298969,,Asia Cell,-77.5,-16.8,-38.9
10/6/2025 13:36:49.000,33.3016998123426,44.4688111838791,,Asia Cell,-75.9,-15.8,-37.4
10/6/2025 13:36:51.000,33.3016624783582,44.4689594681592,,Asia Cell,-69.1,-12.3,-35.2
10/6/2025 13:36:53.000,33.301659226601,44.4690962955665,,Asia Cell,-69.3,-12.2,-36.7
10/6/2025 13:36:55.000,33.3016778888889,44.4692427777778,,Asia Cell,-69.6,-13.7,-35.5
10/6/2025 13:36:57.000,33.301727240458,44.4693972654792,,Asia Cell,-72.5,-15.7,-34.7
10/6/2025 13:36:59.000,33.3018183324851,44.4695452459711,,Asia Cell,-78.8,-18.2,-37.8
10/6/2025 13:37:01.000,33.3019431165223,44.4696586848244,,Asia Cell,-74.8,-16.9,-37.5
10/6/2025 13:37:03.000,33.3020696839226,44.4697143030303,,Asia Cell,-66.3,-13.2,-33.4
10/6/2025 13:37:05.000,33.3022163128655,44.4697303934837,,Asia Cell,-76.3,-15.6,-39.5
10/6/2025 13:37:07.000,33.3023679187397,44.4697015045605,,Asia Cell,-65.6,-10.3,-40.4
10/6/2025 13:37:09.000,33.3024953205742,44.46963326874,,Asia Cell,-74.8,-10.3,-44.2
10/6/2025 13:37:11.000,33.302605022864,44.4695283512635,,Asia Cell,-74.4,-11.9,-42.2
10/6/2025 13:37:13.000,33.3026960922078,44.4694103199135,,Asia Cell,-75.0,-15.1,-39.9
10/6/2025 13:37:15.000,33.3027958558333,44.4692545566667,,Asia Cell,-81.5,-16.7,-44.5
10/6/2025 13:37:17.000,33.3029019498208,44.4690706774193,,Asia Cell,-82.5,-15.7,-45.4
10/6/2025 13:37:19.000,33.3030125454545,44.4688701161616,,Asia Cell,-82.0,-11.0,-42.5
10/6/2025 13:37:21.000,33.3031203229167,44.4686817458333,,Asia Cell,-83.0,-10.2,-53.4
10/6/2025 13:37:23.000,33.3032233161141,44.4685078905166,,Asia Cell,-81.8,-11.2,-48.7
10/6/2025 13:37:25.000,33.3033394816242,44.4683310722179,,Asia Cell,-78.6,-11.0,-48.9
10/6/2025 13:37:27.000,33.3034755994262,44.4681430354476,,Asia Cell,-77.1,-10.8,-46.1
10/6/2025 13:37:29.000,33.3036153463413,44.4679522785507,,Asia Cell,-81.0,-10.1,-48.2
10/6/2025 13:37:31.000,33.303759634981,44.4677546641318,,Asia Cell,-89.5,-15.2,-50.6
10/6/2025 13:37:33.000,33.3039273277244,44.4675359807692,,Asia Cell,-94.6,-15.8,-57.5
10/6/2025 13:37:35.000,33.3040943520499,44.4673121631016,,Asia Cell,-85.0,-13.1,-51.9
10/6/2025 13:37:37.000,33.3042644819347,44.4670848085248,,Asia Cell,-89.0,-12.8,-56.4
10/6/2025 13:37:39.000,33.3044404726107,44.4668533732934,,Asia Cell,-88.1,-13.2,-54.5
10/6/2025 13:37:41.000,33.3045970790754,44.4666429890511,,Asia Cell,-74.2,-14.3,-42.3
10/6/2025 13:37:43.000,33.3048140596991,44.4663766118744,,Asia Cell,-77.3,-18.5,-37.7
10/6/2025 13:37:45.000,33.3050149146973,44.4661513730307,,Asia Cell,-77.6,-10.2,-36.4
10/6/2025 13:37:47.000,33.3052204864636,44.4659381480542,,Asia Cell,-70.1,-8.8,-42.5
10/6/2025 13:37:49.000,33.3054180770519,44.4657264045226,,Asia Cell,-67.9,-6.4,-40.4
10/6/2025 13:37:51.000,33.3056030481481,44.4655013814815,,Asia Cell,-62.4,-8.3,-32.2
10/6/2025 13:37:53.000,33.305753002439,44.4652499178862,,Asia Cell,-63.3,-5.3,-36.8
10/6/2025 13:37:55.000,33.3058868193669,44.4649887290503,,Asia Cell,-63.9,-10.2,-34.2
10/6/2025 13:37:57.000,33.3060160483164,44.4647501850966,,Asia Cell,-66.8,-10.0,-35.4
10/6/2025 13:37:59.000,33.3061423018862,44.4645199931593,,Asia Cell,-70.0,-14.7,-34.2
10/6/2025 13:38:01.000,33.306269077193,44.46428995,,Asia Cell,-70.2,-14.5,-35.7
10/6/2025 13:38:03.000,33.3064096586538,44.4640850384615,,Asia Cell,-76.0,-13.6,-41.9
10/6/2025 13:38:05.000,33.3065480362694,44.4638327737478,,Asia Cell,-85.5,-16.2,-48.5
10/6/2025 13:38:07.000,33.3067092591192,44.4635462138175,,Asia Cell,-79.8,-13.2,-50.7
10/6/2025 13:38:09.000,33.3068991111111,44.4632438055555,,Asia Cell,-71.4,-12.7,-37.2
10/6/2025 13:38:11.000,33.3071081341464,44.4629333902439,,Asia Cell,-74.9,-13.4,-42.2
10/6/2025 13:38:13.000,33.3073185170015,44.4625980469764,,Asia Cell,-79.2,-15.5,-42.9
10/6/2025 13:38:15.000,33.3075314276523,44.4622324893283,,Asia Cell,-82.0,-13.7,-48.2
10/6/2025 13:38:17.000,33.3077406968254,44.4618500523809,,Asia Cell,-79.2,-12.5,-47.6
10/6/2025 13:38:19.000,33.3079543201754,44.4614503754386,,Asia Cell,-86.2,-16.3,-49.5
10/6/2025 13:38:21.000,33.3081632370683,44.4610262371824,,Asia Cell,-82.7,-14.2,-46.6
10/6/2025 13:38:23.000,33.3083728065191,44.4606040555302,,Asia Cell,-90.2,-19.3,-46.9
10/6/2025 13:38:25.000,33.3085485703125,44.4601999973958,,Asia Cell,-82.4,-13.6,-46.9
10/6/2025 13:38:27.000,33.3087390160576,44.4598296907531,,Asia Cell,-85.1,-15.3,-50.4
10/6/2025 13:38:29.000,33.3089212657016,44.4594602080763,,Asia Cell,-88.4,-19.8,-47.7
10/6/2025 13:38:31.000,33.3091143683761,44.4590836350427,,Asia Cell,-84.9,-19.3,-44.3
10/6/2025 13:38:33.000,33.3093004196186,44.4586908502876,,Asia Cell,-77.8,-14.5,-43.1
10/6/2025 13:38:35.000,33.3094739036609,44.4582971926783,,Asia Cell,-73.6,-15.3,-37.8
10/6/2025 13:38:37.000,33.3096555374761,44.4579234170258,,Asia Cell,-71.3,-17.3,-35.6
10/6/2025 13:38:39.000,33.309834143293,44.4575373851484,,Asia Cell,-73.6,-16.4,-37.0
10/6/2025 13:38:41.000,33.3100131690454,44.4571478929569,,Asia Cell,-74.4,-14.4,-38.4
10/6/2025 13:38:43.000,33.3101922333333,44.4567577666667,,Asia Cell,-74.5,-16.2,-38.3
10/6/2025 13:38:45.000,33.3103595982705,44.4563973687107,,Asia Cell,-83.5,-17.9,-44.2
10/6/2025 13:38:47.000,33.3105220833333,44.4560555208333,,Asia Cell,-82.5,-13.3,-44.8
10/6/2025 13:38:49.000,33.3106802740113,44.4557245847458,,Asia Cell,-76.1,-13.6,-41.6
10/6/2025 13:38:51.000,33.3108255755336,44.4554092471265,,Asia Cell,-77.8,-13.1,-42.1
10/6/2025 13:38:53.000,33.3109660280528,44.4551122772277,,Asia Cell,-65.8,-9.7,-38.7
10/6/2025 13:38:55.000,33.3111115033501,44.4548026088777,,Asia Cell,-66.1,-8.5,-37.2
10/6/2025 13:38:57.000,33.311258975,44.4544740666667,,Asia Cell,-75.8,-9.2,-42.8
10/6/2025 13:38:59.000,33.3114188894997,44.4541342579669,,Asia Cell,-76.4,-12.5,-43.3
10/6/2025 13:39:01.000,33.3115911728012,44.4537600546526,,Asia Cell,-77.3,-11.5,-45.0
10/6/2025 13:39:03.000,33.3117634561026,44.4533858513384,,Asia Cell,-80.9,-12.6,-46.5
10/6/2025 13:39:05.000,33.3119357394041,44.4530116480242,,Asia Cell,-83.1,-11.4,-50.0
10/6/2025 13:39:07.000,33.3121080227055,44.45263744471,,Asia Cell,-82.2,-12.2,-51.3
10/6/2025 13:39:09.000,33.3122915769231,44.4522144424567,,Asia Cell,-80.1,-9.1,-49.9
10/6/2025 13:39:11.000,33.3124761923077,44.451787966607,,Asia Cell,-84.7,-13.0,-48.2
10/6/2025 13:39:13.000,33.3126958613861,44.4513612710396,,Asia Cell,-77.2,-14.6,-40.1
10/6/2025 13:39:15.000,33.3129049705222,44.4509368588807,,Asia Cell,-84.1,-17.2,-48.2
10/6/2025 13:39:17.000,33.3131125061082,44.4505160200698,,Asia Cell,-68.5,-13.7,-37.9
10/6/2025 13:39:19.000,33.3133089112436,44.4500853558536,,Asia Cell,-85.1,-19.6,-41.3
10/6/2025 13:39:21.000,33.3135119249876,44.4496532478887,,Asia Cell,-85.1,-15.9,-43.5
10/6/2025 13:39:23.000,33.3137127711443,44.4492172985074,,Asia Cell,-76.4,-11.8,-45.6
10/6/2025 13:39:25.000,33.313905225,44.448780525,,Asia Cell,-74.4,-10.7,-54.0
10/6/2025 13:39:27.000,33.3141008489583,44.448358140625,,Asia Cell,-78.8,-15.1,-41.3
10/6/2025 13:39:29.000,33.3142860207297,44.4479483424544,,Asia Cell,-73.8,-10.7,-42.2
10/6/2025 13:39:31.000,33.3144699443274,44.4475449049438,,Asia Cell,-77.9,-14.3,-47.2
10/6/2025 13:39:33.000,33.314658563927,44.4471387756849,,Asia Cell,-69.2,-14.7,-37.1
10/6/2025 13:39:35.000,33.314862150641,44.4467149423077,,Asia Cell,-72.0,-16.5,-34.5
10/6/2025 13:39:37.000,33.3150571913871,44.4462947153227,,Asia Cell,-70.9,-13.9,-30.8
10/6/2025 13:39:39.000,33.3152542680989,44.4458677975279,,Asia Cell,-69.1,-12.3,-35.0
10/6/2025 13:39:41.000,33.3154599430894,44.4454241365854,,Asia Cell,-74.9,-14.4,-39.4
10/6/2025 13:39:43.000,33.3156647975078,44.4449736853583,,Asia Cell,-77.2,-15.6,-41.6
10/6/2025 13:39:45.000,33.3158760452261,44.4445279606365,,Asia Cell,-84.6,-11.2,-52.9
10/6/2025 13:39:47.000,33.31609465197,44.444068694705,,Asia Cell,-89.3,-14.1,-53.2
10/6/2025 13:39:49.000,33.3163166954596,44.4435895466962,,Asia Cell,-88.0,-15.1,-56.9
10/6/2025 13:39:51.000,33.3165419690722,44.4431006022337,,Asia Cell,-92.9,-17.7,-52.5
10/6/2025 13:39:53.000,33.3167774543147,44.4426064441624,,Asia Cell,-82.0,-16.6,-46.5
10/6/2025 13:39:55.000,33.3170261464646,44.4421102356903,,Asia Cell,-81.0,-15.4,-47.7
10/6/2025 13:39:57.000,33.3172724183334,44.4416054616667,,Asia Cell,-90.1,-18.3,-51.6
10/6/2025 13:39:59.000,33.3175117916667,44.4411155591667,,Asia Cell,-82.8,-13.3,-46.9
10/6/2025 13:40:01.000,33.3177502281846,44.4406207173187,,Asia Cell,-91.1,-17.1,-53.0
10/6/2025 13:40:03.000,33.3180083277244,44.4401313565705,,Asia Cell,-99.1,-24.3,-54.2
10/6/2025 13:40:05.000,33.3182704493464,44.439651740196,,Asia Cell,-98.8,-26.6,-51.6
10/6/2025 13:40:07.000,33.3185327508091,44.4391729498382,,Asia Cell,-89.6,-17.6,-51.7
10/6/2025 13:40:09.000,33.3188011666667,44.4386827777778,,Asia Cell,-83.6,-16.0,-47.4
10/6/2025 13:40:11.000,33.3190765397728,44.4381975558712,,Asia Cell,-83.3,-15.7,-47.0
10/6/2025 13:40:13.000,33.3193737793651,44.4377093968254,,Asia Cell,-84.2,-17.8,-46.9
10/6/2025 13:40:15.000,33.3196541716315,44.4372291121296,,Asia Cell,-94.2,-22.8,-47.8
10/6/2025 13:40:19.000,33.3201648571429,44.4363065687831,,Asia Cell,-86.8,-16.8,-46.8
10/6/2025 13:40:21.000,33.3204393763693,44.4358483270736,,Asia Cell,-83.8,-16.0,-46.6
10/6/2025 13:40:23.000,33.3207183949276,44.4354011086957,,Asia Cell,-79.5,-16.2,-42.5
10/6/2025 13:40:25.000,33.3209996533333,44.4349475216667,,Asia Cell,-89.8,-22.3,-45.7
10/6/2025 13:40:27.000,33.3212919848987,44.4344894651934,,Asia Cell,-86.2,-19.2,-43.7
10/6/2025 13:40:29.000,33.3215909527363,44.4340369800995,,Asia Cell,-82.3,-15.7,-35.6
10/6/2025 13:40:31.000,33.3219000774411,44.4335881262627,,Asia Cell,-76.3,-11.9,-36.6
10/6/2025 13:40:33.000,33.3222036420765,44.4331559726776,,Asia Cell,-84.6,-16.4,-43.8
10/6/2025 13:40:35.000,33.3224956105691,44.4327560130081,,Asia Cell,-72.4,-13.0,-37.0
10/6/2025 13:40:37.000,33.3227759299787,44.4323641120874,,Asia Cell,-82.5,-17.9,-42.6
10/6/2025 13:40:39.000,33.3230519835311,44.4319537210939,,Asia Cell,-84.4,-16.3,-48.1
10/6/2025 13:40:41.000,33.3233280370835,44.4315433301004,,Asia Cell,-85.5,-14.3,-48.0
10/6/2025 13:40:43.000,33.32364292,44.4311589177778,,Asia Cell,-87.3,-14.9,-54.8
10/6/2025 13:40:45.000,33.3239441666667,44.4307592386157,,Asia Cell,-92.6,-18.4,-53.5
10/6/2025 13:40:47.000,33.3242424885057,44.4303687931034,,Asia Cell,-87.1,-16.7,-48.5
10/6/2025 13:40:49.000,33.3245555470085,44.4299670683761,,Asia Cell,-76.0,-13.0,-40.6
10/6/2025 13:40:51.000,33.3248702175438,44.4296022035088,,Asia Cell,-78.5,-16.2,-38.9
10/6/2025 13:40:53.000,33.3251758898187,44.4292627573222,,Asia Cell,-72.6,-10.8,-41.0
10/6/2025 13:40:55.000,33.3254684494949,44.4289461161616,,Asia Cell,-70.2,-8.9,-41.3
10/6/2025 13:40:57.000,33.3257555063191,44.4286436200632,,Asia Cell,-70.3,-11.0,-39.5
10/6/2025 13:40:59.000,33.3259862869416,44.4283970429553,,Asia Cell,-71.9,-13.1,-36.4
10/6/2025 13:41:01.000,33.3261683936652,44.4281914675717,,Asia Cell,-70.1,-10.3,-37.9
10/6/2025 13:41:03.000,33.3263149284553,44.428010706504,,Asia Cell,-78.8,-12.1,-45.3
10/6/2025 13:41:05.000,33.3264467396352,44.4278330605307,,Asia Cell,-76.9,-10.6,-42.4
10/6/2025 13:41:07.000,33.3265854019607,44.4276554084968,,Asia Cell,-67.0,-9.6,-39.7
10/6/2025 13:41:09.000,33.3267308487179,44.4274676179487,,Asia Cell,-72.0,-9.0,-42.8
10/6/2025 13:41:11.000,33.3268722823129,44.4272839991497,,Asia Cell,-74.9,-11.0,-44.4
10/6/2025 13:41:13.000,33.3270100395349,44.4271158705426,,Asia Cell,-75.8,-10.0,-44.1
10/6/2025 13:41:15.000,33.3271516982282,44.4269504455149,,Asia Cell,-73.9,-9.8,-44.4
10/6/2025 13:41:17.000,33.3272934479513,44.4267759161683,,Asia Cell,-70.6,-9.6,-40.1
10/6/2025 13:41:19.000,33.3274610402542,44.426591980226,,Asia Cell,-76.5,-8.3,-44.3
10/6/2025 13:41:21.000,33.3276394170732,44.4263885382113,,Asia Cell,-81.7,-10.4,-49.6
10/6/2025 13:41:23.000,33.3278263608414,44.4261678705502,,Asia Cell,-81.6,-11.8,-49.8
10/6/2025 13:41:25.000,33.3280152629816,44.4259398383585,,Asia Cell,-86.2,-13.9,-51.0
10/6/2025 13:41:27.000,33.3281985150754,44.4257099078727,,Asia Cell,-88.6,-14.0,-52.1
10/6/2025 13:41:29.000,33.3283606458333,44.4254998958333,,Asia Cell,-90.1,-15.5,-54.8
10/6/2025 13:41:31.000,33.3285349153846,44.4252940649573,,Asia Cell,-90.6,-16.1,-53.4
10/6/2025 13:41:33.000,33.3287187703151,44.4250850986733,,Asia Cell,-86.1,-13.9,-51.7
10/6/2025 13:41:35.000,33.3289012642277,44.4248625308943,,Asia Cell,-82.1,-12.7,-48.9
10/6/2025 13:41:37.000,33.3290809354839,44.4246340645161,,Asia Cell,-79.0,-10.1,-48.1
10/6/2025 13:41:39.000,33.3292489321751,44.424413937868,,Asia Cell,-82.9,-11.6,-49.9
10/6/2025 13:41:41.000,33.3294192305654,44.4241963289163,,Asia Cell,-88.4,-11.2,-54.2
10/6/2025 13:41:43.000,33.3295985966183,44.423983389694,,Asia Cell,-95.8,-20.0,-55.4
10/6/2025 13:41:45.000,33.3297860114679,44.4237822469419,,Asia Cell,-90.8,-13.7,-54.1
10/6/2025 13:41:47.000,33.3299616119048,44.4235830992064,,Asia Cell,-90.8,-14.3,-53.8
10/6/2025 13:41:49.000,33.3301365163935,44.4233800673953,,Asia Cell,-91.2,-13.4,-56.7
10/6/2025 13:41:51.000,33.3303249014084,44.4231738169014,,Asia Cell,-97.6,-16.2,-58.3
10/6/2025 13:41:53.000,33.3305031959799,44.4229809103853,,Asia Cell,-97.4,-16.5,-59.5
10/6/2025 13:41:55.000,33.330680425,44.4227970783334,,Asia Cell,-94.9,-17.8,-49.0
10/6/2025 13:41:57.000,33.3308802083334,44.4226055416667,,Asia Cell,-92.6,-18.1,-51.5
10/6/2025 13:41:59.000,33.3310869035445,44.422399287798,,Asia Cell,-89.2,-14.2,-57.7
10/6/2025 13:42:01.000,33.3313046436782,44.4221918218391,,Asia Cell,-82.5,-9.9,-51.8
10/6/2025 13:42:03.000,33.3315409065934,44.4219740082418,,Asia Cell,-69.2,-9.6,-39.6
10/6/2025 13:42:05.000,33.3317886010101,44.4217527861953,,Asia Cell,-67.8,-8.3,-39.9
10/6/2025 13:42:07.000,33.3320378308703,44.4215223300493,,Asia Cell,-63.1,-11.2,-30.5
10/6/2025 13:42:09.000,33.3322775935535,44.4213060306604,,Asia Cell,-61.3,-11.6,-29.9
10/6/2025 13:42:11.000,33.3324908796748,44.421112804878,,Asia Cell,-61.6,-11.8,-29.6
10/6/2025 13:42:13.000,33.3326677601626,44.4209532764228,,Asia Cell,-65.9,-12.1,-34.6
10/6/2025 13:42:15.000,33.3328145145098,44.4208240929412,,Asia Cell,-62.7,-12.1,-30.5
10/6/2025 13:42:17.000,33.3329285989446,44.4207236350044,,Asia Cell,-63.4,-11.0,-34.6
10/6/2025 13:42:19.000,33.3330145244038,44.4206510038824,,Asia Cell,-71.5,-11.0,-43.3
10/6/2025 13:42:21.000,33.3330708930166,44.4206010645554,,Asia Cell,-72.1,-11.4,-40.6
10/6/2025 13:42:23.000,33.3331059654676,44.4205706260192,,Asia Cell,-75.7,-12.5,-43.1
10/6/2025 13:42:25.000,33.3331257794392,44.4205534180686,,Asia Cell,-76.1,-12.1,-43.7
10/6/2025 13:42:27.000,33.333146,44.420539,,Asia Cell,-74.2,-11.9,-42.7
10/6/2025 13:43:39.000,33.3347171909976,44.4189643053528,,Asia Cell,-73.2,-16.2,
10/6/2025 13:43:41.000,33.3347144895315,44.4189660509951,,Asia Cell,-72.4,-16.4,-35.5
10/6/2025 14:33:41.000,33.294627368421,44.4469030043859,,Asia Cell,-78.9,-9.9,-34.3
10/6/2025 14:33:43.000,33.2947016842105,44.4470283663325,,Asia Cell,-75.5,-13.0,-42.4
10/6/2025 14:33:45.000,33.2947251666667,44.4470651666667,,Asia Cell,-70.4,-11.4,-37.5
10/6/2025 15:27:31.000,33.2919383366348,44.4457147999901,,Asia Cell,-71.5,-9.2,
10/6/2025 15:27:33.000,33.2919385753477,44.4457153449762,,Asia Cell,-74.8,-13.2,-37.3
10/6/2025 15:27:35.000,33.2919388140606,44.4457158899623,,Asia Cell,-72.3,-11.7,-36.9
10/6/2025 15:42:21.000,33.3339661666667,44.4196586666667,,Asia Cell,-67.1,-12.8,-36.9
10/6/2025 15:42:23.000,33.3339661666667,44.4196586666667,,Asia Cell,-65.3,-14.4,-32.9
10/6/2025 15:42:25.000,33.3339661666667,44.4196586666667,,Asia Cell,-58.6,-13.3,-24.1
